Time,Rivendell Level 1-2 Well 1 Water Level Manual m m,Rivendell Level 1-2 Well 12 Water Level Manual m m,Rivendell Level 2-2 Well 2 Water Level Manual m m,Rivendell Level 2-2 Well 3 Water Level Manual m m,Rivendell Level 2-3 Well 13 Water Level Manual m m,Rivendell Level 2-3 Well 14 Water Level Manual m m,Rivendell Level 3-2 Well 10 Water Level Manual m m,Rivendell Level 4-1 Well 5 Water Level Manual m m,Rivendell Level 4-1 Well 6 Water Level Manual m m,Rivendell Level 4-1 Well 7 Water Level Manual m m,Rivendell Level 5-1 Well 15 Water Level Manual m m,Rivendell Level 5-1 Well 16 Water Level Manual m m
10/2/07 0:00,-4.59,,,-9.48,,,-18.12,-22.25,-11.27,-18.08,,
10/17/07 0:00,-4.21,,,-9.64,,,-18.28,-22.41,-11.32,-18.27,,
10/22/07 0:00,-4.08,,-12.09,-9.11,,,-18.23,-22.43,-10.99,-18.45,,
11/6/07 0:00,-4.33,,-12.12,-8.46,,,,-22.45,-11.18,-18.41,,
11/14/07 0:00,-4.13,,-12.12,-8.34,,,-18.51,-22.44,-11.24,-18.42,,
12/17/07 0:00,-4.04,,-11.88,-8,,,-18.65,-21.74,-10.95,-18.3,,
1/16/08 0:00,-3.95,,-11.1,-5.75,,,-13.4,-19.23,-8.03,-7.95,,
2/6/08 0:00,-3.42,,-10.58,-3.27,,,-12.87,-18.76,-6.17,-5.64,,
3/2/08 0:00,-3.96,,-11,-5.97,,,-13.5,-19.56,-8.14,-7.76,,
4/2/08 0:00,-4.05,,-12.03,-7,,,-14.5,-20.86,-9.73,-10.55,,
4/27/08 0:00,-4.08,,-11.99,-7.8,,,-15.44,-21.39,-10.42,-11.99,,
5/22/08 0:00,-4.13,,-12.12,-7.56,,,-15.95,-21.64,-10.7,-12.59,,
6/4/08 0:00,-4.17,,-12.13,-7.68,,,-16.28,-21.74,-10.77,-12.92,,
8/25/10 10:30,-4.38,-5.9075,-12.17,,-17.4,-26.34,-16.26,-21.15,-10.56,-12.66,-23.34,-21.06
9/10/10 10:00,,,,,,,-16.66,,,,,
9/10/10 10:15,,,,,,,,,,,-23.645,
9/10/10 10:35,,,,,,,,,,,,-21.16
9/10/10 10:50,,,,,,,,,,-13.05,,
9/10/10 11:00,,,,,,,,,-10.67,,,
9/10/10 11:20,,,,,,,,-21.235,,,,
9/10/10 11:35,,,,,,-26.505,,,,,,
9/10/10 11:50,,,,,-16.886,,,,,,,
9/10/10 12:00,,,,-10.55,,,,,,,,
9/10/10 14:00,,-5.915,,,,,,,,,,
9/10/10 16:00,-4.445,,,,,,,,,,,
9/23/10 12:48,,,,,,,,,,-13.57,,
9/23/10 13:02,,,,,,,-16.94,,,,,
9/23/10 13:34,,,,,,,,,,,,-21.21
9/23/10 13:40,,,,,,,,,,,-22.86,
9/23/10 13:52,,,,,,,,,-10.71,,,
9/23/10 14:38,,,,,,,,-21.31,,,,
9/23/10 14:44,,,,,,-26.61,,,,,,
9/23/10 16:00,,,-12.18,,,,,,,,,
9/23/10 16:20,-4.43,,,,,,,,,,,
9/23/10 16:25,,-5.91,,,,,,,,,,
10/9/10 17:00,-4.51,,,,,,,,,,,
10/9/10 18:00,,-6.11,,,,,,,,,,
10/10/10 10:15,,,,-12.2,,,,,,,,
10/10/10 13:15,,,,,,-26.7,,,,,,
10/10/10 14:30,,,,,,,,,,,-24.2,
10/20/10 11:07,,,,,,,,-20.5,,,,
10/20/10 12:32,,,,,,,,,-11.07,,,
10/20/10 13:21,,,,,,,,,,-13.78,,
10/20/10 14:08,,,,,,,,,,,,-24.36
10/20/10 15:49,,,,,,,-17.37,,,,,
10/23/10 8:52,,,,,,-26.77,,,,,,
10/23/10 9:04,,,,,,,,,,,,-21.41
10/23/10 9:15,,,,,,,,,,,-24.39,
10/23/10 10:49,,-5.94,,,,,,,,,,
10/25/10 0:00,-3.702,-4.645,-10.322,-5.365,-16.55,-18.16,-17.29,-21.51,-10.595,-13.8,-24.15,-21.395
11/5/10 10:15,,,,,,-22.59,,,,,,
11/5/10 10:20,,,,,,,,-20.72,,,,
11/5/10 10:25,,,,,,,,,-10.41,,,
11/5/10 10:30,,,,,,,,,,-11.62,,
11/5/10 12:20,,,,,,,,,,,,-21.46
11/5/10 12:36,,,,,,,,,,,-24.5,
11/5/10 15:00,-4.07,,,,,,,,,,,
11/5/10 15:03,,-5.54,,,,,,,,,,
11/5/10 15:45,,,,-9.63,,,,,,,,
11/18/10 12:00,,,,,,,,,,,,-21.51
11/18/10 12:25,,,,,,,,,,,-24.64,
11/18/10 13:00,,,,,,,,,,-10.21,,
11/18/10 13:10,,,,,,,,,-9.88,,,
11/18/10 13:15,,,,,,,,-20.41,,,,
11/18/10 13:20,,,,,,-19.17,,,,,,
11/18/10 13:41,,,-11.59,,,,,,,,,
11/18/10 13:44,,,,-9.04,,,,,,,,
11/18/10 15:15,-4.08,,,,,,,,,,,
11/18/10 15:17,,-5.42,,,,,,,,,,
11/27/10 9:30,,,-11.56,-5.87,-15.985,,,,,,,
11/27/10 12:00,-3.81,-4.91,,,,,,,,,,
11/27/10 13:00,,,,,,-17.205,,,,,,
11/27/10 13:04,,,,,,,,-19.865,,,,
11/27/10 13:10,,,,,,,,,-8.535,,,
11/27/10 13:15,,,,,,,,,,-8.12,,
11/27/10 13:18,,,,,,,-14.99,,,,,
11/27/10 13:20,,,,,,,,,,,-24.65,
11/27/10 13:25,,,,,,,,,,,,-21.545
11/28/10 16:00,,,,,,,,,,,-24.87,
12/22/10 16:45,,,,,,,,,,,-23,
12/22/10 17:00,,,,,,,,,,,,-17.78
12/22/10 17:10,,,,,,-11.09,,,,,,
12/22/10 17:20,,,,,-15.1,,,,,,,
1/10/11 16:00,,,,,,,,,,,-24.63,
1/10/11 16:30,,,,,,,,,,,,-20
1/11/11 9:35,,-5.3,,,,,,,,,,
1/11/11 10:15,,,,,,,,-20,,,,
1/11/11 10:20,,,,,,,,,-8.45,,,
1/11/11 10:30,,,,,,-19.21,,,,,,
1/11/11 10:34,,,,,,,,,,-7.99,,
1/16/11 9:20,,,,,,,,,,,,-16.4275
1/16/11 10:10,,,,,,,,,,,-21.565,
1/16/11 11:08,,,,,,,,,,-7.68,,
1/16/11 11:36,,,,,,,,,-7.61,,,
1/16/11 14:01,,,,,,,,-19.875,,,,
1/16/11 14:55,,,,,,-17.915,,,,,,
1/16/11 16:04,,,,,-15.805,,,,,,,
1/17/11 8:31,,,-11.215,,,,,,,,,
1/17/11 9:07,,,,-6.815,,,,,,,,
1/17/11 9:10,,-4.91,,,,,,,,,,
1/17/11 10:26,-3.935,,,,,,,,,,,
1/19/11 8:57,,-5.63,,,,,,,,,,
1/19/11 9:00,-3.9,,,,,,,,,,,
1/19/11 16:15,,,,,,,,,,-13.94,,
1/19/11 16:20,,,,,,,,,-11.13,,,
1/19/11 16:32,,-3.9,,,,,,,,,,
1/19/11 16:34,-3.08,,,,,,,,,,,
1/19/11 18:00,,,,,,,,,,,-25.74,
1/19/11 18:10,,,,,,,,,-11.11,,,
1/19/11 18:16,,,,,,,,,,-13.4,,
1/19/11 18:25,-3.005,-3.74,,,,,,,,,,
2/16/11 14:10,,,,,,,,,,,-20.87,
2/21/11 11:31,-3.75,,,,,,,,,,,
2/21/11 11:35,,-4.56,,,,,,,,,,
2/21/11 11:41,,,,-4.15,,,,,,,,
2/21/11 11:47,,,-10.95,,,,,,,,,
2/21/11 11:51,,,,,-15.415,,,,,,,
2/21/11 12:00,,,,,,,,-18.985,,,,
2/21/11 12:03,,,,,,,,,-5.89,,,
2/21/11 12:09,,,,,,-15.675,,,,,,
2/21/11 12:14,,,,,,,,,,-6.59,,
2/21/11 12:20,,,,,,,,,,,-21.05,
2/21/11 12:25,,,,,,,,,,,,-14.95
2/26/11 0:00,,,-11.14,,-16.55,-18.57,,-19.64,-7.8,-7.34,-20.87,-17.81
3/22/11 10:10,-3.615,,,,,,,,,,,
3/22/11 10:20,,-4.195,,,,,,,,,,
3/22/11 11:10,,,-10.48,,,,,,,,,
3/22/11 11:20,,,,,,-12.79,,,,,,
3/22/11 12:20,,,,,,,,,,,,-12.065
3/22/11 13:40,,,,,,,-12.45,,,,,
3/22/11 13:45,,,,,,,,,,-5.335,,
3/22/11 13:50,,,,,,,,,,,-19.165,
3/22/11 14:20,,,,,,,,,-5.14,,,
3/22/11 14:45,,,,,,,,-18.23,,,,
3/22/11 15:10,,,,,-15.06,,,,,,,
3/22/11 15:20,,,,-3.355,,,,,,,,
4/15/11 11:20,,,,,,,-14.177,,,,,
4/15/11 13:52,,,,,,-25.887,,,,,,
4/15/11 15:39,,,,-6.53,,,,,,,,
5/6/11 9:51,,,-11.995,,,,,,,,,
5/6/11 14:54,,,-11.995,,,,,,,,,
5/6/11 15:00,,,,,,-26.804,,,,,,
5/6/11 15:04,,,,,,,,-20.357,,,,
5/6/11 15:06,,,,,,,,,-9.106,,,
5/6/11 15:09,,,,,,,-14.951,,,,,
5/6/11 15:11,,,,,,,,,,,-21.422,
5/6/11 15:16,,,,,,,,,,,,-19.438
5/9/11 14:00,,,,,-17.2,,,,,,,
5/9/11 14:40,,-5.526,,,,,,,,,,
5/9/11 15:15,,,,,,,,,,,,-19.47
5/9/11 15:25,,,,,,,,,,,-21.44,
5/9/11 15:35,,,,,,,,,,-9.675,,
5/9/11 15:40,,,,,,,,,-9.24,,,
5/9/11 15:45,,,,,,-26.895,,-20.39,,,,
5/9/11 15:55,,-12.035,,,,,,,,,,
5/23/11 9:30,-4.09,,,,,,,,,,,
5/23/11 9:51,,-5.578,-12.12,,,,,,,,,
5/23/11 10:30,-4.09,,,,,,,,,,,
5/23/11 10:42,,,,-7.345,,,,,,,,
5/23/11 10:51,,-5.578,-12.12,,,,,,,,,
5/23/11 11:37,,,,,,,-15.325,,,,,
5/23/11 11:42,,,,-7.345,,,,,,,,
5/23/11 12:37,,,,,,,-15.325,,,,,
5/23/11 12:53,,,,,,,,,,,,-19.68
5/23/11 13:22,,,,,,,,,,,-21.965,
5/23/11 13:30,,,,,,,,,,-10.58,,
5/23/11 13:35,,,,,,,,-20.585,,,,
5/23/11 13:40,,,,,,,,,-9.78,,,
5/23/11 13:44,,,,,,-27.36,,,,,,
5/23/11 13:53,,,,,,,,,,,,-19.68
5/23/11 14:22,,,,,,,,,,,-21.965,
5/23/11 14:30,,,,,,,,,,-10.58,,
5/23/11 14:35,,,,,,,,-20.585,,,,
5/23/11 14:40,,,,,,,,,-9.78,,,
5/23/11 14:44,,,,,,-27.36,,,,,,
6/14/11 14:10,,,,,,,,,,,-22.56,
7/11/11 5:57,,,,-7.6575,,,,,,,,
7/11/11 15:30,-4.145,,,,,,,,,,,
7/11/11 15:43,,-5.6475,,,,,,,,,,
7/11/11 15:58,,,-12,,,,,,,,,
7/11/11 16:02,,,,,-17.12,,,,,,,
7/11/11 16:07,,,,,,-27.64,,,,,,
7/11/11 16:21,,,,,,,,-20.87,,,,
7/11/11 16:30,,,,,,,,,-10.1,,,
7/11/11 16:40,,,,,,,,,,-11.99,,
7/11/11 16:52,,,,,,,-16.1225,,,,,
7/11/11 17:11,,,,,,,,,,,-23.105,
7/11/11 17:24,,,,,,,,,,,,-20.1375
8/11/11 12:50,-4.225,,,,,,,,,,,
8/11/11 12:55,,-5.77,,,,,,,,,,
8/11/11 13:00,,,,-7.97,,,,,,,,
8/11/11 13:51,,,,,,,,,,,,-20.425
8/11/11 14:00,,,,,,,,,,,-23.71,
8/11/11 14:03,,,,,,,-16.725,,,,,
8/11/11 15:00,,,,,,,,,,-12.755,,
8/11/11 15:05,,,,,,,,,-10.37,,,
8/11/11 15:08,,,,,,,,-21.045,,,,
8/11/11 15:10,,,,,,-28.801,,,,,,
10/5/11 0:41,,-5.71,,,,,,,,,,
10/5/11 0:47,-4.125,,,,,,,,,,,
10/5/11 4:17,-4.03,,,,,,,,,,,
10/5/11 4:23,,-5.6625,,,,,,,,,,
10/5/11 4:31,,,,,,,,,,-13.865,,
10/5/11 4:41,,,,,,,,,,,-24.58,
10/5/11 4:52,,,,,,,,,-10.78,,,
10/5/11 4:57,,,,,,-27.9,,,,,,
10/5/11 7:02,,-5.676,,,,,,,,,,
10/5/11 7:10,-4.065,,,,,,,,,,,
10/5/11 7:43,,,,,,,,,,-13.805,,
10/5/11 7:50,,,,,,,,,,,-24.59,
10/5/11 7:59,,,,,,,,,-10.78,,,
10/5/11 9:25,,-5.69,,,,,,,,,,
12/14/11 15:27,,,,,,,,,,,,-21.36
12/14/11 15:30,,,,,,,,,,,-29.3975,
12/14/11 15:43,,,,,,,,,-11.095,,,
12/14/11 15:45,,,,,,,,-21.455,,,,
12/14/11 15:46,,,,,,,,,,-14.67,,
12/14/11 15:48,,,,,,-27.895,,,,,,
12/14/11 15:58,-4.185,,,,,,,,,,,
12/14/11 16:00,,-5.7325,,,,,,,,,,
1/18/12 13:00,,,,,,,,,,,-25.75,
1/18/12 13:10,,,,,,,,,-14.045,,,
1/18/12 13:14,-4.18,,,,,,,,,,,
1/18/12 13:24,,-5.72,,,,,,,,,,
1/19/12 6:21,-4,,,,,,,,,,,
1/19/12 6:27,,-5.68,,,,,,,,,,
1/19/12 8:45,,,,,,,,,-11.18,,,
1/19/12 8:50,,,,,,,,-21.51,,,,
1/19/12 10:19,,,,,,,,,,-14.84,,
1/19/12 10:30,-3.815,,,,,,,,,,,
1/19/12 10:39,,-5.515,,,,,,,,,,
1/19/12 12:55,,-4.84,,,,,,,,,,
1/19/12 14:33,-3.4,,,,,,,,,,,
1/19/12 14:41,,-4.41,,,,,,,,,,
1/19/12 21:20,,-3.77,,,,,,,,,,
1/19/12 21:44,,,,,,,,,,-14.35,,
1/19/12 21:46,,,,,,,,,-10.925,,,
1/19/12 21:55,-3.18,,,,,,,,,,,
1/20/12 0:41,,,,,,,,,,-14.43,,
1/20/12 0:53,,,,,,,,,-10.64,,,
1/20/12 1:00,-3.33,,,,,,,,,,,
1/20/12 1:07,,-3.84,,,,,,,,,,
1/20/12 3:47,,,,,,,,,,-14.485,,
1/20/12 3:51,,,,,,,,,-10.33,,,
1/20/12 3:58,-3.43,,,,,,,,,,,
1/20/12 4:03,,-3.96,,,,,,,,,,
1/20/12 6:35,,,,,,,,,,-14.51,,
1/20/12 6:45,,,,,,,,,-10.2,,,
1/20/12 7:05,-3.53,,,,,,,,,,,
1/20/12 7:10,,-4.1,,,,,,,,,,
1/20/12 8:05,,,,,,,,,,,-25.76,
1/20/12 8:15,,,,,,,,,,-14.505,,
1/20/12 8:23,,,,,,,,,-10.105,,,
1/20/12 8:32,-3.56,,,,,,,,,,,
1/20/12 8:45,,-4.17,,,,,,,,,,
1/20/12 10:37,,,,,,,,,,-14.5,,
1/20/12 10:39,,,,,,,,,-10.02,,,
1/20/12 10:47,-3.595,,,,,,,,,,,
1/20/12 10:50,,-4.245,,,,,,,,,,
1/20/12 12:15,-3.61,,,,,,,,,,,
1/20/12 12:18,,,,,,,,,-10,,,
1/20/12 12:25,,-4.28,,,,,,,,,,
1/20/12 14:16,,-4.3,,,,,,,,,,
1/20/12 14:19,-3.62,,,,,,,,,,,
1/20/12 15:10,,,,,,,,,-9.95,,,
1/20/12 15:14,,,,,,,,,,-14.39,,
1/20/12 15:27,,,,,,-17.98,,,,,,
1/20/12 16:20,,,,,,,,,,-14.26,,
1/20/12 16:33,-3.55,,,,,,,,,,,
1/20/12 16:38,,-4.145,,,,,,,,,,
1/20/12 16:45,,,,,-15.425,,,,,,,
1/20/12 18:01,,,,,,,,,,-13.91,,
1/20/12 18:07,,,,,,,,,-9.865,,,-9.865
1/20/12 18:20,,-3.78,,,,,,,,,,
1/20/12 21:50,-2.39,,,,,,,,,,,
1/21/12 0:12,,,,,,,,,,-10.28,,
1/21/12 0:18,,,,,,,,,-8.12,,,
1/21/12 0:37,,-3.45,,,,,,,,,,
1/21/12 0:40,-2.75,,,,,,,,,,,
1/21/12 3:45,,,,,,,,,,,-25.75,
1/21/12 3:55,,,,,,,,,,-9.41,,
1/21/12 4:01,,,,,,-11.215,,,,,,
1/21/12 4:14,,-3.6,,,,,,,,,,
1/21/12 4:19,,,,,-14.65,,,,,,,
1/21/12 6:17,,,,,,,,,,-9.135,,
1/21/12 6:21,,,,,,,,,-7.36,,,
1/21/12 6:24,,,,,,-10.715,,,,,,
1/21/12 6:30,-3.08,,,,,,,,,,,
1/21/12 6:35,,-3.68,,,,,,,,,,
1/21/12 6:40,,,,,-14.68,,,,,,,
1/21/12 8:08,,,,,,,,,,-8.6,,
1/21/12 8:12,,,,,,,,,-7.21,,,
1/21/12 8:15,,,,,,-10.605,,,,,,
1/21/12 8:23,-3.21,,,,,,,,,,,
1/21/12 8:29,,-3.73,,,,,,,,,,
1/21/12 8:34,,,,,-14.695,,,,,,,
1/21/12 10:24,,,,,,,,,,,-25.78,
1/21/12 10:27,,,,,,,,,,-8.155,,
1/21/12 10:30,,,,,,,,,-7.095,,,
1/21/12 10:33,,,,,,,,-21.36,,,,
1/21/12 10:35,,,,,,-10.23,,,,,,
1/21/12 10:38,,-3.77,,,,,,,,,,
1/21/12 10:41,-3.325,,,,,,,,,,,
1/21/12 10:52,,,-11.145,,,,,,,,,
1/21/12 10:55,,,,,-14.695,,,,,,,
1/21/12 12:22,,,,,,,,,-7.05,,,
1/21/12 12:29,,,,,-14.72,,,,,,,
1/21/12 14:35,-3.35,,,,,,,,,,,
1/21/12 14:39,,-3.9,,,,,,,,,,
1/21/12 17:01,,,,,-14.8,,,,,,,
1/21/12 17:12,,,,,,,,,-7.03,,,
1/21/12 17:19,,,,,,,,,,-7.24,,
1/21/12 17:24,,,,,,,,,,,-25.78,
1/25/12 11:55,,,,,,,,,,,-25.76,
1/25/12 12:14,,,,,,,,,,,,-22.605
1/25/12 12:23,,,,,,,,,,-8.24,,
1/25/12 12:25,,,,,,,,,-6.88,,,
1/25/12 12:28,,,,,,,,-18.765,,,,
1/25/12 12:31,,,,,,-14.5,,,,,,
1/25/12 12:41,,,,,-15.24,,,,,,,
1/25/12 12:44,,,-11.01,,,,,,,,,
1/25/12 12:49,-3.8,,,,,,,,,,,
1/25/12 12:57,,-4.55,,,,,,,,,,
2/6/12 9:01,,,,,,,,,,,-25.44,
2/6/12 9:32,,,,,,,,,,-8.54,,
2/6/12 9:36,,,,,,,,,-8.455,,,
2/6/12 9:39,,,,,,,,-19.57,,,,
2/6/12 9:43,,,,,,-23.315,,,,,,
2/6/12 10:02,-4.015,,,,,,,,,,,
2/6/12 10:14,,-5.34,,,,,,,,,,
2/7/12 10:00,-4.03,,,,,,,,,,,
2/7/12 10:04,,-5.365,,,,,,,,,,
2/25/12 11:07,,-5.37,,,,,,,,,,
2/25/12 11:12,-4.045,,,,,,,,,,,
2/25/12 11:59,,,,,,,,,,,-25.2,
2/25/12 12:09,,,,,,,,,,,,-21.71
2/25/12 12:35,,,,,,,,,,-8.795,,
2/25/12 12:37,,,,,,,,,-8.425,,,
2/25/12 12:40,,,,,,,,-19.64,,,,
2/25/12 12:42,,,,,,-24.3925,,,,,,
3/20/12 12:32,,-4.575,,,,,,,,,,
3/20/12 12:36,-3.805,,,,,,,,,,,
3/20/12 13:10,,,-11,,,,,,,,,
3/20/12 13:13,,,,,-15.4,,,,,,,
3/20/12 13:52,,,,,,,,,,,,-19.46
3/20/12 14:06,,,,,,,,,,-16.56,,
3/20/12 14:11,,,,,,,,,-5.88,,,
3/20/12 14:14,,,,,,,,-0.807638889,,,,
3/20/12 14:15,,,,,,-0.734027778,,,,,,
4/2/12 10:33,,-4.175,,,,,,,,,,
4/2/12 10:36,-3.57,,,,,,,,,,,
4/2/12 13:32,,,,,,,,,,,-21.295,
4/2/12 13:40,,,,,,,,,,,,-11.725
4/2/12 14:32,,,,,,,,,,-4.96,,
4/2/12 14:33,,,,,,,,,-5.015,,,
4/2/12 14:35,,,,,,,,-18.065,,,,
4/2/12 14:38,,,,,,-13.965,,,,,,
4/9/12 12:02,,,,,,,,,,,-22.325,
4/9/12 12:12,,,,,,,,,,,,-16.51
4/9/12 13:08,,,,,,,,,,-8.29,,
4/9/12 13:11,,,,,,,,,-7.5,,,
4/9/12 13:15,,,,,,,,-19.7,,,,
4/9/12 13:18,,,,,,-24.015,,,,,,
4/9/12 14:08,,-4.84,,,,,,,,,,
4/9/12 14:22,-3.92,,,,,,,,,,,
4/24/12 11:15,,-5.295,,,,,,,,,,
4/24/12 11:19,-4.055,,,,,,,,,,,
4/24/12 11:52,,,,-6.01,,,,,,,,
4/24/12 13:27,,,,,,,,,,,-20.895,
4/24/12 14:05,,,,,,,,,,-7.89,,
4/24/12 14:07,,,,,,,,,-8.16,,,
5/8/12 13:26,,,,,,,,,,,,-20.5375
5/8/12 13:36,,,,,,,,,,,-21.215,
5/8/12 15:00,,-5.45,,,,,,,,,,
5/8/12 15:02,-4.02,,,,,,,,,,,
5/9/12 12:50,,,,,,,,,,-9.115,,
5/9/12 12:51,,,,,,,,,-8.7175,,,
5/9/12 12:52,,,,,,,,-20.29,,,,
5/9/12 12:53,,,,,,-26.8,,,,,,
5/9/12 12:58,,,-11.7,,,,,,,,,
5/9/12 12:59,,,,-6.72,,,,,,,,
5/30/12 12:17,,-5.58,,,,,,,,,,
5/30/12 12:37,-4.07,,,,,,,,,,,
5/30/12 14:02,,,,,,,-20.93,,,,,
5/30/12 14:17,,,,,,,,,,,-21.945,
5/30/12 14:38,,,,,,,,,-9.765,-10.76,,
5/30/12 14:39,,,,,,,,-20.495,,,,
5/30/12 14:41,,,,,,,,,,,-27.515,
6/18/12 8:30,,,,,,,,,,,-22.53,
6/18/12 8:40,,,,,,,,,,,,-20.975
6/18/12 9:20,,-5.64,,,,,,,,,,
6/18/12 9:22,-4.13,,,,,,,,,,,
6/18/12 9:32,,,,,,,,,,-11.62,,
6/18/12 9:33,,,,,,,,,-10.17,,,
6/18/12 9:35,,,,,,,,-20.705,,,,
6/18/12 9:37,,,,,,-27.94,,,,,,
7/23/12 10:23,,,,,,,,,,,-23.4,
7/23/12 10:33,,,,,,,,,,,,-21.55
7/23/12 11:35,,,,,,,,,,-12.58,,
7/23/12 11:36,,,,,,,,,-10.4975,,,
7/23/12 11:41,,,,,,,,-20.92,,,,
7/23/12 11:43,,,,,,-28.13,,,,,,
7/23/12 12:20,-4.24,,,,,,,,,,,
7/23/12 12:36,,-5.73,,,,,,,,,,
8/6/12 11:13,,,,,,,,,,,-23.095,
8/6/12 12:20,,,,,,,,,-10.63,,,
8/6/12 12:45,,-5.77,,,,,,,,,,
8/6/12 12:50,-4.37,,,,,,,,,,,
8/8/12 15:43,,,,,,-28.075,,,,,,
8/8/12 15:47,,,,,,,,-21.025,,,,
8/8/12 15:49,,,,,,,,,-10.635,,,
8/8/12 15:53,,,,,,,,,,-12.885,,
8/8/12 15:59,,,,,,,-16.835,,,,,
8/8/12 16:03,,,,,,,,,,,-23.72,
8/8/12 16:14,,,,,-17.14,,,,,,,
8/8/12 16:17,,,-12.115,,,,,,,,,
8/20/12 14:57,,-5.795,,,,,,,,,,
8/20/12 15:00,-4.46,,,,,,,,,,,
8/20/12 16:21,,,,,,,,,,-13.435,,
8/20/12 16:24,,,,,,,,,-10.71,,,
8/20/12 16:27,,,,,,,,-21.125,,,,
8/20/12 16:29,,,,,,-28.06,,,,,,
9/6/12 11:20,,,,,,,,,,,-24.3,
9/6/12 12:30,,,,,,,,,-10.765,,,
9/6/12 13:20,-4.51,,,,,,,,,,,
9/22/12 9:07,,,,,,,,,,,-25.54,
9/22/12 9:25,,,,,,,,,,,,-21.45
9/22/12 11:53,,,,,,,,,,-14.3,,
9/22/12 11:55,,,,,,,,,-10.945,,,
9/22/12 11:57,,,,,,,,-21.34,,,,
9/22/12 11:59,,,,,,-28.045,,,,,,
9/22/12 14:32,-4.53,,,,,,,,,,,
9/22/12 14:37,,-5.85,,,,,,,,,,
10/7/12 13:12,-4.56,,,,,,,,,,,
10/7/12 13:17,,-5.885,,,,,,,,,,
10/27/12 10:30,,,,,,,,,,-14.91,,
10/27/12 11:06,,-5.89,,,,,,,,,,
10/27/12 11:25,-4.48,,,,,,,,,,,-21.66
11/16/12 13:40,,,,,,,,,,,-25.28,
11/16/12 13:57,,,,,,,,,,,,-21.77
11/16/12 15:22,,-5.82,,,,,,,,,,
11/16/12 15:32,-4.32,,,,,,,,,,,
11/16/12 16:17,,,,,,,,,,-14.83,,
11/16/12 16:20,,,,,,,,,-11.09,,,
11/16/12 16:23,,,,,,,,-21.66,,,,
11/16/12 16:27,,,,,,-28.064,,,,,,
11/18/12 11:30,,,,,,,,,,-14.42,,
11/18/12 12:02,,,,,,,,,-11.08,,,
11/18/12 13:30,-4.04,,,,,,,,,,,
11/18/12 13:32,,-5.62,,,,,,,,,,
12/4/12 12:20,,,,,,,,,,,-25.49,
12/4/12 12:43,,,,,,,,,,,,-21.845
12/4/12 13:30,,,,,,,,,,-7.15,,
12/4/12 13:32,,,,,,,,,-6.465,,,
12/4/12 13:37,,,,,,,,-18.56,,,,
12/4/12 13:39,,,,,,-14.23,,,,,,
12/4/12 14:15,,,,,-15.1,,,,,,,
12/4/12 14:20,,,-11.31,,,,,,,,,
12/4/12 14:53,,-4.47,,,,,,,,,,
12/4/12 14:55,-3.68,,,,,,,,,,,
12/14/12 10:53,,,,,,,-13.956,,,,,
12/14/12 11:05,,,,,,,,,,-7.935,,
12/14/12 11:20,,,,,,,,,-8.25,,,
12/14/12 11:43,,,,,,,,-19.38,,,,
12/14/12 13:29,,,,-5.265,,,,,,,,
1/2/13 13:30,,,,,,,,,,,-22.99,
1/2/13 13:40,,,,,,,,,,,,-18.28
1/2/13 14:24,,,,,,,,,,-7.6,,
1/2/13 14:27,,,,,,,,,-7.52,,,
1/2/13 14:29,,,,,,,,-19.44,,,,
1/2/13 14:32,,,,,,-22.51,,,,,,
1/2/13 14:40,,,,,-16.055,,,,,,,
1/2/13 14:43,,,-11.065,,,,,,,,,
1/2/13 15:24,,-5.085,,,,,,,,,,
1/2/13 15:27,-3.99,,,,,,,,,,,
1/14/13 12:50,,,,,,,,,,,-22.475,
2/12/13 13:42,,-5.54,,,,,,,,,,
2/12/13 13:49,-4.095,,,,,,,,,,,
2/12/13 14:15,,,-12.13,,,,,,,,,
2/12/13 14:55,,,,,,,,,,,-22.835,
2/12/13 15:08,,,,,,,,,,,,-21.66
2/12/13 16:20,,,,,,,,,,-10.98,,
2/12/13 16:24,,,,,,,,,-9.25,,,
2/12/13 16:27,,,,,,,,-20.35,,,,
2/12/13 16:34,,,,,,-27.685,,,,,,
3/2/13 11:05,,,,,,,,,,,-23.17,
3/12/13 15:50,,,,,,,,,,,-23.22,
3/12/13 16:05,,,,,,,,,,,,-18.98
3/12/13 17:24,,-5.165,,,,,,,,,,
3/12/13 17:30,-3.985,,,,,,,,,,,
3/14/13 11:15,,,,,,,,-7.32,-7.32,,,
3/14/13 11:21,,,,,,-23.19,,,,,,
5/17/13 14:00,,,,,,,,,,,-25.485,
5/17/13 15:50,,,,,,,,,,-11.07,,
5/17/13 16:00,,,,,,,,,-9.5,,,
5/17/13 16:02,,,,,,,,-20.18,,,,
5/17/13 16:05,,,,,,-27.705,,,,,,
5/17/13 16:15,,-5.59,,,,,,,,,,
5/17/13 16:20,-4.14,,,,,,,,,,,
6/28/13 12:45,,,,,,,,,,,-29.98,
6/28/13 13:34,-4.165,,,,,,,,,,,
6/28/13 13:35,,,,,,,,,,-12.34,,
6/28/13 13:39,,,,,,,,,-10.23,,,
6/28/13 13:40,,,,,,,,-20.67,,,,
6/28/13 13:42,,,,,,-28.11,,,,,,
6/28/13 14:25,,-5.7,,,,,,,,,,
8/7/13 12:01,,,,,,,,,,,-24.16,
8/7/13 12:10,,,,,,,,,,,,-21.715
8/7/13 12:35,,,,,,,,,,-13.49,,
8/7/13 12:38,,,,,,,,,-10.6,,,
8/7/13 12:40,,,,,,,,-20.99,,,,
8/7/13 12:43,,,,,,-28.505,,,,,,
8/7/13 13:20,,-5.815,,,,,,,,,,
8/7/13 13:22,-4.43,,,,,,,,,,,
8/30/13 11:49,,-5.891,,,,,,,,,,
8/30/13 13:10,,,,,,,,,,,-28.821,
9/17/13 12:15,,,,,,,,,,,-24.8,
9/17/13 12:22,,,,,,,,,,,-24.8,
9/17/13 13:16,,,,,,,,,,,,-21.895
9/17/13 13:59,,,,,,,,,,-14.44,,
9/17/13 14:12,,,,,,,,,-10.9,,,
9/17/13 14:16,,,,,,,,-21.28,,,,
9/17/13 14:19,,,,,,-28.02,,,,,,
9/17/13 14:38,-4.59,,,,,,,,,,,
9/17/13 14:47,,-5.885,,,,,,,,,,
11/13/13 12:18,,,,,,,,,,,-25.62,
1/15/14 9:46,,,,,,,,,,,-28.955,
1/15/14 10:23,,,,,,,,,,,,-25.38
1/15/14 12:29,,,,,,,,,-14.13,,,
1/15/14 12:35,,,,,,-30.925,,,,,,
1/15/14 14:00,,-5.873,,,,,,,,,,
1/15/14 14:07,-4.224,,,,,,,,,,,
1/15/14 15:22,,,,,,,-18.76,,,,,
1/15/14 15:25,,,,,,,,,,-15.735,,
1/15/14 15:27,,,,,,,,-21.735,,,,
1/26/14 12:00,,,,,,-28.4,,,,,,
1/26/14 14:00,,,,,,,,,,,-26.13,
1/26/14 16:15,,,,,,,,,,,,-22.54
1/26/14 16:30,,,,,,,-18.582,,,,,
2/1/14 12:14,,,,,,,,,,,-26.185,
2/1/14 13:01,,,,,,,,,-11.185,,,
2/1/14 14:15,,,,-8.505,,,,,,,,
2/1/14 15:09,-4.19,,,,,,,,,,,
2/1/14 15:30,,-5.855,,,,,,,,,,
2/1/14 16:05,,,,,,,,-21.71,,,,
2/10/14 12:12,,,,,,,,,,-15.64,,
2/10/14 12:56,,,,,,,,,,,-26.25,
2/10/14 13:47,,,,,,,,,,,,-22.61
2/10/14 14:20,,,,,,,,,-9.46,,,
2/10/14 14:45,,,,,,,,-21.73,,,,
2/10/14 15:30,,,,,,-24.42,,,,,,
2/16/14 11:37,,,,,,,,,,,-26.282,
2/16/14 12:21,,,,,,,,,-9.14,,,
2/16/14 12:41,,-4.52,,,,,,,,,,
2/16/14 14:55,,,-11.65,,,,,,,,,
2/16/14 14:57,,,,,-15.34,,,,,,,
2/16/14 15:05,-3.73,,,,,,,,,,,
2/16/14 15:27,,,,-3.79,,,,,,,,
2/16/14 15:41,,,,,,,,-21.203,,,,
2/16/14 15:44,,,,,,,,,,-14.35,,
2/16/14 15:53,,,,,,,-18.865,,,,,
3/10/14 15:50,,,,,,,,,,,-26.198,
3/11/14 9:58,,,,,,,,,,,,-22.646
3/11/14 13:40,,,,,,,,,,-7.72,,
3/11/14 15:24,,,,,,,,,-6.889,,,
3/11/14 16:54,,,,,,,,-18.902,,,,
3/12/14 11:16,,,-11.102,,,,,,,,,
3/24/14 10:41,,,,,,,,,,-9.41,,
3/24/14 10:43,,,,,,,,,-8.447,,,
3/24/14 10:47,,,,,,,,-19.545,,,,
3/24/14 10:50,,,,,,-26.355,,,,,,
3/24/14 10:57,-4.09,,,,,,,,,,,
3/24/14 11:00,,-5.457,,,,,,,,,,
3/24/14 11:15,,,-11.563,,,,,,,,,
3/24/14 11:16,,,,,-17.195,,,,,,,
3/24/14 17:24,,,,,,,,,,,,-22.672
3/24/14 17:53,,,,,,,,,,,-25.66,
4/9/14 14:03,,,,,,,,,,,-24.601,
4/9/14 14:14,,,,,,,,,,,,-22.203
4/9/14 17:35,,,,,,,,,-7.521,,,
5/4/14 12:42,-4.11,,,,,,,,,,,
5/4/14 14:30,,,,-6.854,,,,,,,,
5/4/14 15:38,,,,,,,,,,-10.66,,
5/4/14 15:53,,,,,,,-14.84,,,,,
5/4/14 16:11,,,,,,,,,,,,-22.56
5/24/14 11:05,,,,-6.86,,,,,,,,
5/24/14 12:13,,,,,,,-15.285,,,,,
5/24/14 12:57,,,,,,,,,,-11.6,,
5/24/14 13:44,,-5.62,,,,,,,,,,
5/24/14 13:47,-4.155,,,,,,,,,,,
7/3/14 15:20,,,,,,,,,,,,-22.76
7/3/14 15:55,,,,,,,,,,,-24.67,
7/3/14 17:38,-4.35,,,,,,,,,,,
7/3/14 18:17,,-5.74,,,,,,,,,,
7/3/14 19:29,,,,,,,,-20.54,,,,
7/3/14 20:08,,,,,,,,,-10.23,,,
7/15/14 13:40,,,,,,,,,,,-24.85,
7/15/14 13:54,,,,,,,-16.63,,,,,
7/15/14 13:58,,,,,,,,,,-13.315,,
7/15/14 14:00,,,,,,,,,-10.38,,,
7/15/14 14:02,,,,,,,,-20.648,,,,
7/15/14 14:05,,,,,,-27.985,,,,,,
7/30/14 12:12,,,,,,,-16.96,,,,,
7/30/14 12:23,,,,,,,,,,,-25.03,
7/30/14 12:56,,,,,,,,,,,,-22.86
7/30/14 14:00,,,,,,,,,,-13.815,,
7/30/14 14:02,,,,,,,,,-10.53,,,
7/30/14 14:05,,,,,,,,-20.755,,,,
7/30/14 14:09,,,,,,-28,,,,,,
8/20/14 10:39,,,,,,,,,,,,-23.934
8/20/14 10:43,,,,,,,,,,,,-23.934
8/20/14 10:50,,,,,,,,,,,-25.281,
8/20/14 11:29,,,,,,,-17.297,,,,,
8/27/14 13:18,,,,,,,,,,,-25.36,
8/27/14 13:50,,,,,,,,,,,,-22.955
8/27/14 14:21,,,,,,,-17.485,,,,,
8/27/14 15:00,,,,,,,,,,-14.66,,
8/27/14 15:03,,,,,,,,,-10.8025,,,
8/27/14 15:05,,,,,,,,-20.995,,,,
8/27/14 15:08,,,,,,-28.01,,,,,,
8/27/14 15:16,,-5.895,,,,,,,,,,
8/27/14 15:18,-4.61,,,,,,,,,,,
9/22/14 11:14,,,,,,,,,,,,-23.054
9/22/14 11:53,,,,,,,,,,,-25.714,
9/22/14 18:20,,,,,,,-17.885,,,,,
9/23/14 14:12,,,,,,,,,-11.028,,,
9/23/14 14:45,,,,,,,,,,-15.51,,
9/23/14 15:54,,,,,,,,-21.228,,,,
9/23/14 16:58,,,,,-17.475,,,,,,,
9/23/14 17:51,,,,,,-28.046,,,,,,
9/25/14 9:13,,,,,,,,,,,-25.744,
9/25/14 11:29,,,,,,,,,,,,-23.07
9/25/14 13:26,,,,,,,-17.903,,,,,
9/25/14 13:40,,,,,,,,,-11.044,,,
10/27/14 12:49,,,,,,,,,,,,-23.17
10/27/14 12:53,,,,,,,,,,,-26.085,
10/27/14 15:00,,,,,,,-18.29,,,,,
10/27/14 15:07,,,,,,,,,,-15.775,,
10/27/14 15:09,,,,,,,,,-11.005,,,
10/27/14 15:13,,,,,,,,-21.45,,,,
10/27/14 15:16,,,,,,-28.0175,,,,,,
10/27/14 16:00,,-5.69,,,,,,,,,,
10/27/14 16:03,-4.085,,,,,,,,,,,
12/1/14 13:05,,,,,,,,,,,-26.4,
12/1/14 15:00,,,,,,,,,,,,-23.28
12/1/14 15:50,,,,,,,,,,-15.065,,
12/1/14 15:55,,,,,,,,,-9.02,,,
12/1/14 16:00,,,,,,,,-21.07,,,,
12/1/14 16:10,,,,,,-24.83,,,,,,
1/15/15 11:47,,,,,,,,,,-10.12,,
1/15/15 13:29,,,,,,-27,,,,,,
1/15/15 13:58,,,,,,,,,-8.635,,,
1/15/15 14:37,,,,,,,-14.41,,,,,
1/30/15 15:12,,,,,,,,,,-8.51,,
1/30/15 15:37,,,,,,,,,-7.927,,,
1/30/15 16:15,-4.065,,,,,,,,,,,
2/15/15 11:36,,,,,,,,,,,-22.46,
2/15/15 12:20,,,,,,,,,,,,-21.473
2/15/15 12:28,,,,,,,,,,,-22.338,
2/15/15 12:36,,,,,,,-13.57,,,,,
2/21/15 11:45,,,,,,,,,,,-22.08,
2/21/15 12:31,,,,,,,,,,,,-21.495
2/21/15 14:41,,,,,,,,,-7.668,,,
3/16/15 9:40,,,,,,-15.97,,,,,,
3/16/15 10:15,,,,,,,,-18.38,,,,
3/16/15 10:50,,,,,,,,,-5.27,,,
3/16/15 11:05,,,,,,,,,,-5.39,,
3/16/15 11:40,,,,,,,,,,,-18.64,
3/16/15 12:12,,,,,,,,,,,,-19.49
3/16/15 13:25,,,,,-15.09,,,,,,,
3/16/15 13:45,,,-9.92,,,,,,,,,
3/16/15 15:00,,-4.52,,,,,,,,,,
4/4/15 12:37,,,,,,,-15.295,,,,,
4/4/15 13:54,,,,,,,,,,,,-22.67
4/4/15 15:13,,,,,,,,,,,-22.636,
4/4/15 17:06,-4.14,,,,,,,,,,,
4/4/15 17:18,,-5.66,,,,,,,,,,
4/4/15 18:00,,,,-6.92,,,,,,,,
4/19/15 11:45,,,,,,,,,,,-22.97,
4/19/15 12:35,,,,,,,,,,,,-22.67
4/19/15 13:37,,,,,,,,,,-11.65,,
4/19/15 14:00,,,,,,,,,-9.48,,,
4/19/15 14:20,,,,,,,,-20.41,,,,
4/19/15 15:00,,,,,,-28,,,,,,
4/19/15 15:05,,,,,-17.18,,,,,,,
4/19/15 15:10,,,-12.13,,,,,,,,,
5/3/15 10:57,,,,-7.075,,,,,,,,
5/3/15 14:30,,,,,,-28.63,,,,,,
5/3/15 16:30,,,,,,,,,,,,-22.675
6/2/15 17:19,,,,,,,,,,,-23.854,
6/2/15 18:41,,,,,,,,,,,,-22.746
6/3/15 10:44,,,,,,,,,,-12.815,,
6/3/15 11:28,,,,,,,,,-10.032,,,
6/3/15 12:03,,,,,,,,-20.663,,,,
6/3/15 15:12,,,,,,-28.113,,,,,,
6/3/15 16:38,,-5.749,,,,,,,,,,
6/3/15 17:02,,,,,-17.192,,,,,,,
6/3/15 17:43,,,-12.137,,,,,,,,,
6/14/15 10:22,,,,,,,,,,,,-22.735
6/14/15 11:20,,,,,,,,,,,-24.04,
6/14/15 12:24,,,,,,,-16.83,,,,,
6/14/15 14:23,,,,,,,,,,-12.98,,
6/14/15 14:25,,,,,,,,,,-12.98,,
6/14/15 14:58,,,,,,,,,-10.09,,,
6/14/15 15:00,,,,,,,,,-10.09,,,
6/14/15 15:42,,,,-8.115,,,,,,,,
6/14/15 16:25,-4.294,,,,,,,,,,,
6/14/15 16:58,,-5.734,,,,,,,,,,
6/26/15 10:31,,,,,,,,,,,,-22.757
6/26/15 11:31,,,,,,,,,,,-24.258,
6/26/15 12:30,,,,,,,-16.854,,,,,
6/26/15 13:46,,,,,,,,,,-13.354,,
6/26/15 14:24,,,,,,,,,-10.308,,,
6/26/15 15:10,,,,,,,,-20.73,,,,
6/26/15 15:51,,,,,,-28.044,,,,,,
6/26/15 16:31,,,,-8.47,,,,,,,,
6/27/15 16:50,,-5.79,,,,,,,,,,
6/27/15 17:34,,,-12.2,,,,,,,,,
6/27/15 18:00,,,,,-17.13,,,,,,,
6/28/15 7:40,,,,,,,,-20.79,,,,
6/28/15 8:30,,,,,,,,,-10.32,,,
6/28/15 8:50,,,,,,,,,,-13.46,,
6/28/15 9:45,,,,,,,,,,,-24.36,
6/28/15 10:30,,,,,,,,,,,,-22.81
8/13/15 13:14,,,,,,,-17.57,,,,,
9/6/15 9:34,,,,,,,,,,,,-22.963
9/6/15 10:21,,,,,,,,,,,-25.258,
9/6/15 11:20,,,,,,,-17.912,,,,,
9/6/15 12:04,,,,,,,,,,-15.264,,
9/6/15 12:43,,,,,,,,,-10.92,,,
9/6/15 14:06,,,,,,,,-21.171,,,,
9/6/15 14:55,,,,,,-28,,,,,,
9/6/15 15:43,,,,-9.165,,,,,,,,
9/6/15 16:14,-4.62,,,,,,,,,,,
9/6/15 16:40,,,-5.915,,,,,,,,,
9/6/15 16:42,,-5.915,,,,,,,,,,
11/7/15 10:07,,,,,,,,,,,,-23.215
11/7/15 11:05,,,,,,,,,,,-26.008,
11/7/15 13:16,,,,,,,,,,-16.323,,
11/7/15 13:41,,,,,,,,,-11.311,,,
11/7/15 14:22,,,,,,,,-21.6,,,,
11/7/15 15:20,,,,,,,-18.636,,,,,
11/14/15 12:14,,,,,,,,,,,,-23.239
11/14/15 12:55,,,,,,,,,,,-26.075,
11/14/15 13:54,,,,-9.64,,,,,,,,
11/14/15 14:34,,,,,,,-18.701,,,,,
11/14/15 15:14,,,,,,,,,,-16.318,,
11/14/15 15:36,,,,,,,,,-11.341,,,
11/20/15 9:07,,,,,,,,,,,-26.2,
11/20/15 9:46,,,,,,,,,,-16.43,,
11/20/15 9:58,,,,,,,,,-11.37,,,
11/20/15 10:09,,,,,,,,-21.65,,,,
12/19/15 11:57,,,,,,,,,,,,-23.266
12/19/15 12:44,,,,,,,,,,,-26.411,
12/19/15 13:28,,,,,,,-18.751,,,,,
12/19/15 15:58,,-4.555,,,,,,,,,,
12/19/15 16:15,-3.718,,,,,,,,,,,
12/19/15 16:45,,,,-3.796,,,,,,,,
12/19/15 17:07,,,,,,,,,,-7.769,,
12/19/15 17:25,,,,,,,,,-7.811,,,
12/29/15 11:53,,,,,,-18.36,,,,,,
12/29/15 12:43,,,,,,,,,,,,-21.54
12/29/15 13:38,,,,,,,,,,,-25.69,
12/29/15 14:58,,,,,,,,,,-7.57,,
12/29/15 15:17,,,,,,,,,-6.12,,,
12/29/15 15:31,,,,,,,,-18.97,,,,
12/29/15 16:18,,-4.97,,,,,,,,,,
12/29/15 16:37,,,,,-15.7,,,,,,,
1/5/16 10:30,,,,,,,,,-5.82,,,
1/24/16 13:20,,,,,,,,,,,-20.15,
1/24/16 13:34,,,,,,,,,,-6.175,,
1/24/16 13:47,,,,,,,,,-5.765,,,
1/24/16 14:01,,,,,,,,-18.67,,,,
1/24/16 14:13,,,,,,-16.485,,,,,,
1/31/16 11:40,,,,,,,,,,,,-21.091
1/31/16 12:15,,,,,,,,,,,-19.731,
1/31/16 12:54,,,,,,,-12.37,,,,,
1/31/16 14:58,,,,,,,,,,-5.323,,
1/31/16 15:15,,,,,,,,,-5.056,,,
1/31/16 15:50,,,,,,,,-18.178,,,,
1/31/16 16:21,-3.672,,,,,,,,,,,
1/31/16 17:02,,-4.509,,,,,,,,,,
1/31/16 17:37,,,,-3.487,,,,,,,,
1/31/16 18:08,,,,,,-16.248,,,,,,
2/7/16 9:57,,,,,,,,-19.49,,,,
2/7/16 11:14,,,,,,,,,-7,,,
2/7/16 11:20,,,,,,,,,,-7.7,,
2/7/16 13:00,,,,,,,,,,,-20.605,
2/7/16 15:55,,,-10.53,,,,,,,,,
2/7/16 16:00,,,,,-16.13,,,,,,,
2/13/16 11:27,,,,,,,,,,,,-22.49
2/13/16 12:07,,,,,,,,,,,-20.715,
2/13/16 12:43,,,,,,,-13.948,,,,,
2/13/16 15:08,,,,,,,,,,-8.098,,
2/13/16 15:34,,,,,,,,,-7.642,,,
2/13/16 16:09,,,,,,,,-19.778,,,,
2/13/16 16:35,,,,,,-25.629,,,,,,
2/13/16 16:55,,,,-5.927,,,,,,,,
2/13/16 17:16,,-5.31,,,,,,,,,,
2/13/16 17:28,-4.065,,,,,,,,,,,
2/21/16 15:10,,,,,,,,,,,-20.78,
2/21/16 15:35,,,,,,,,,,-8.245,,
2/21/16 15:55,,,,,,,,,-7.86,,,
2/21/16 16:10,,,,,,,,-19.78,,,,
2/21/16 16:30,,,,,,-24.78,,,,,,
3/2/16 14:40,,,,,,,,,,,,-21.44
3/2/16 15:20,,,,,,,,,,,-20.91,
3/13/16 9:26,,,,,,-13.02,,,,,,
3/13/16 9:43,,,,,,,,-17.62,,,,
3/13/16 9:53,,,,,,,,,-4.63,,,
3/13/16 10:05,,,,,,,,,,-4.79,,
3/13/16 10:21,,,,,,,,,,,-17.21,
4/1/16 10:22,,,,,,,,,,,-20.02,
4/1/16 10:38,,,,,,,,,,,,-20.35
4/1/16 11:04,,,,,,,,,,-7.89,,
4/1/16 11:14,,,,,,,,,-7.46,,,
4/1/16 11:26,,,,,,,,-19.62,,,,
4/1/16 11:38,,,,,,-24.31,,,,,,
4/1/16 12:00,,,,,-16.69,,,,,,,
4/1/16 12:17,,,-11,,,,,,,,,
4/1/16 12:29,,-5.27,,,,,,,,,,
4/16/16 15:00,,-5.49,-11.63,,,-27.11,,-19.98,-8.21,-9.14,-20.7,-20.47
5/3/16 9:40,,,,,,,,,,,-21.48,
5/3/16 11:09,,,,,,,,,,,,-20.48
5/3/16 12:17,,,,,,,,,-8.61,,,
5/3/16 12:25,,,,,,,,-20.09,,,,
5/3/16 12:27,,,,,,-27.25,,,,,,
5/3/16 12:40,,,,,,,,,,-9.98,,
5/3/16 17:00,,-5.51,-11.88,,,,,,,,,
5/24/16 9:45,,,,,,,,,,,-22.2,
5/24/16 10:06,,,,,,,,,,,,-20.54
5/24/16 10:30,,,,,,,,,,-10.89,,
5/24/16 10:43,,,,,,,,,-8.8,,,
5/24/16 11:02,,,,,,,,-20.29,,,,
5/24/16 12:11,,-5.65,,,,,,,,,,
5/24/16 12:30,,,,,,-27.87,,,,,,
6/12/16 13:30,,,,,,,,,,-11.565,,
6/12/16 13:45,,,,,,,,,-9.25,,,
6/12/16 13:50,,,,,,,,-20.39,,,,
6/12/16 14:00,,,,,,-28.11,,,,,,
7/11/16 9:05,,,,,,,,,,,,-20.775
7/11/16 10:00,,,,,,,,,,,-23.19,
7/11/16 10:42,,,,,,,,,,-12.45,,
7/11/16 10:59,,,,,,,,,-9.74,,,
7/11/16 11:12,,,,,,,,-20.5,,,,
7/11/16 11:24,,,,,,-28.04,,,,,,
7/11/16 11:45,,,-12.13,,,,,,,,,
7/11/16 11:54,,-5.74,,,,,,,,,,
7/24/16 16:01,,,,,,,,,,,,-20.85
7/24/16 16:53,,,,,,,,,,,-23.45,
7/24/16 17:09,,,,,,,,,,-12.82,,
7/24/16 17:19,,,,,,,,,-9.87,,,
7/24/16 17:28,,,,,,,,-20.57,,,,
7/24/16 17:34,,,,,,-28.05,,,,,,
7/24/16 17:51,,-5.75,,,,,,,,,,
8/7/16 16:54,,,,,,,,,,,,-20.97
8/7/16 17:20,,,,,,,,,,,-23.81,
8/7/16 17:40,,,,,,,,,,-13.35,,
8/7/16 17:53,,,,,,,,,-10.03,,,
8/7/16 18:08,,,,,,,,-20.71,,,,
8/7/16 18:19,,,,,,-28.11,,,,,,
8/7/16 18:38,,-5.82,,,,,,,,,,
8/27/16 7:40,,,,,,,,,,,,-21.08
8/27/16 8:05,,,,,,,,,,,-24.13,
8/27/16 8:27,,,,,,,,,,-13.9,,
8/27/16 8:40,,,,,,,,,-10.27,,,
8/27/16 8:58,,,,,,,,-20.8,,,,
8/27/16 9:32,,,,,,-28.02,,,,,,
8/27/16 9:54,,-5.85,,,,,,,,,,
9/18/16 10:10,,,,,,,,,,,,-21.21
9/18/16 11:05,,,,,,,,,,,-24.37,
9/18/16 11:29,,,,,,,,,,-14.47,,
9/18/16 11:44,,,,,,,,,-10.5,,,
9/18/16 12:03,,,,,,,,-20.94,,,,
9/18/16 13:04,,,,,,-28,,,,,,
9/18/16 13:23,,-5.89,,,,,,,,,,
10/9/16 9:40,,,,,,,,,,,,-21.36
10/9/16 11:47,,,,,,,,,,,-24.68,
10/9/16 12:08,,,,,,,,,,-14.97,,
10/9/16 12:22,,,,,,,,,-10.69,,,
10/9/16 12:36,,,,,,,,-24.11,,,,
10/9/16 12:54,,,,,,-28,,,,,,
10/9/16 13:54,,-5.9,,,,,,,,,,
10/19/16 8:30,,,,,,-28.03,,,,,,
10/19/16 9:50,,,,,,,,,,,,-21.44
10/19/16 13:15,,,,,,,,,,,-24.94,
10/19/16 15:18,,,,,,,,,,-15.05,,
10/19/16 16:23,,,,,,,,,-10.28,,,
10/19/16 17:24,,,,,,,,-21,,,,
10/19/16 17:39,,-5.49,,,,,,,,,,
11/5/16 8:47,,,,,,,,,,,,-21.52
11/5/16 9:50,,,,,,,,,,,-24.97,
11/5/16 10:30,,,,,,,,,,-8.17,,
11/5/16 10:53,,,,,,,,,-7.23,,,
11/5/16 11:15,,,,,,,,-19.15,,,,
11/5/16 11:42,,,,,,-17.97,,,,,,
11/5/16 13:03,,,,,-15.67,,,,,,,
11/5/16 13:29,,,-11.15,,,,,,,,,
11/5/16 13:39,,-5.05,,,,,,,,,,
11/17/16 13:39,,,,,,,,,,,,-21.62
11/17/16 14:43,,,,,,,,,,,-25.08,
11/17/16 15:51,,,,,,,,,,-9.53,,
11/17/16 16:19,,,,,,,,,-7.9,,,
11/19/16 9:17,,,,,,,,,,,,-21.62
11/19/16 9:42,,,,,,,,,,,-25.05,
11/19/16 10:17,,,,,,,,,,-9.65,,
11/19/16 10:42,,,,,,,,,-7.9,,,
11/19/16 11:13,,,,,,,,-19.43,,,,
11/19/16 11:40,,,,,,-25.04,,,,,,
11/19/16 12:40,,,,,-17.29,,,,,,,
11/19/16 12:42,,,-11.44,,,,,,,,,
11/19/16 12:48,,-5,,,,,,,,,,
12/6/16 8:31,,,,,,,,,,,,-21.54
12/6/16 8:59,,,,,,,,,,,-24.48,
12/6/16 9:19,,,,,,,,,,-8.09,,
12/6/16 9:34,,,,,,,,,-7.1,,,
12/6/16 9:55,,,,,,,,-19.04,,,,
12/6/16 10:12,,,,,,-23.26,,,,,,
12/6/16 10:33,,,,,-17.59,,,,,,,
12/6/16 10:34,,,-11.68,,,,,,,,,
12/6/16 10:40,,-5.21,,,,,,,,,,
12/7/16 8:30,,,,,,,,,,,,-21.53
12/7/16 8:52,,,,,,,,,,,-24.58,
12/18/16 13:45,,,,,,,,,,,,-12.38
12/18/16 14:08,,,,,,,,,,,-22.9,
12/18/16 14:29,,,,,,,,,,-5.81,,
12/18/16 14:48,,,,,,,,,-5.43,,,
12/18/16 15:10,,,,,,,,-19.6,,,,
12/18/16 15:31,,,,,,-16.79,,,,,,
12/18/16 16:09,,,,,-15.2,,,,,,,
12/18/16 16:28,,,-10.56,,,,,,,,,
12/18/16 16:51,,-4.62,,,,,,,,,,
1/5/17 8:04,,,,,,,,,-5.82,,,
1/5/17 10:45,,,,,,,,,,,-21.1,
1/5/17 11:00,,,,,,,,,,,,-12.48
1/5/17 12:40,,-4.54,,,,,,,,,,
1/5/17 13:40,-3.77,,,,,,,,,,,
1/5/17 14:20,,,-11.35,,,,,,,,,
1/5/17 14:37,,,,,-15.22,,,,,,,
1/5/17 15:28,,,,,,,,,,-6.8,,
1/5/17 15:55,,,,,,,-12.75,,,,,
1/5/17 16:22,,,,,,-17.19,,,,,,
1/6/17 8:57,,,,-3.82,,,,,,,,
1/6/17 9:43,,,,,,,,-19.06,,,,
1/6/17 10:15,,,,,,,,,,-6.74,,
1/6/17 12:59,,,,,,-17.17,,,,,,
1/9/17 10:29,,,,,,-10.99,,,,,,
1/9/17 10:35,,,,,,,,-13.58,,,,
1/9/17 11:30,,,,,,,,,-4.02,,,
1/9/17 14:00,,,,,,,,,,-4.04,,
1/9/17 15:15,,,,,,,,,,,,-11.34
1/11/17 9:38,,,,,,,,,,,,-10.6
1/11/17 10:07,,,,,,,,,,,-15.66,
1/11/17 10:36,,,,,,,-10.13,,,,,
1/11/17 11:10,,,,,,,,,,-3.56,,
1/11/17 11:24,,,,,,,,-12.84,,,,
1/11/17 11:39,,,,,,-10.04,,,,,,
1/11/17 12:07,-2.89,,,,,,,,,,,
1/11/17 12:08,,-3.74,,,,,,,,,,
1/11/17 12:31,,,-10.12,,,,,,,,,
1/11/17 12:43,,,,,-14.47,,,,,,,
1/21/17 8:42,,,,,,,,,,,,-10.25
1/21/17 9:12,,,,,,,,,,,-16.59,
1/21/17 9:40,,,,,,,-11.46,,,,,
1/21/17 10:13,,,,,,,,,,-4.05,,
1/21/17 10:33,,,,,,,,,-4.26,,,
1/21/17 10:52,,,,,,,,-15.23,,,,
1/21/17 11:11,,,,,,-11.34,,,,,,
1/21/17 12:11,,,,,-14.56,,,,,,,
1/21/17 12:34,,,-10.82,,,,,,,,,
1/21/17 12:54,,,,-3.11,,,,,,,,
1/21/17 13:26,-3.28,-3.84,,,,,,,,,,
2/4/17 9:09,,,,,,,,,,,,-11.71
2/4/17 9:45,,,,,,,,,,,-18.7,
2/4/17 10:12,,,,,,,-13.66,,,,,
2/4/17 10:36,,,,,,,,,,-6.9,,
2/4/17 11:00,,,,,,,,,-6.12,,,
2/4/17 11:20,,,,,,,,-19.5,,,,
2/4/17 11:45,,,,,,-16.39,,,,,,
2/4/17 13:08,,,,,-14.79,,,,,,,
2/4/17 13:27,,,-11.48,,,,,,,,,
2/4/17 13:38,,,,-3.55,,,,,,,,
2/4/17 14:04,,-4.09,,,,,,,,,,
2/4/17 14:14,-3.52,,,,,,,,,,,
2/19/17 11:20,,,,,,,,,,,,-10.95
2/19/17 11:50,,,,,,,,,,,-17.77,
2/19/17 12:45,,,,,,,,,,-5.35,,
2/19/17 13:11,,,,,,,,,-5.11,,,
2/19/17 13:41,,,,,,,,-18.37,,,,
2/19/17 14:05,,,,,,-16.05,,,,,,
2/19/17 14:42,,-4.46,,,,,,,,,,
3/7/17 9:00,,,,,,,,,,,-19.26,
3/7/17 10:40,,,,,,,,,,,,-11.77
3/7/17 12:30,,,,,,,,,,-7.44,,
3/7/17 13:45,,,,,,,,,-6.53,,,
3/7/17 15:00,,,,,,,,-19.57,,,,
3/7/17 15:10,,,,,,-18.19,,,,,,
3/8/17 10:45,,,,,-15.19,,,,,,,
3/8/17 11:45,,,-11.42,,,,,,,,,
3/8/17 13:30,,-4.54,,,,,,,,,,
4/8/17 9:21,,,,,,,,,,,,-12.75
4/8/17 9:46,,,,,,,,,,,-20.3,
4/8/17 10:13,,,,,,,-14.01,,,,,
4/8/17 10:40,,,,,,,,,,-8.06,,
4/8/17 11:06,,,,,,,,,-7.65,,,
4/8/17 11:33,,,,,,,,-19.86,,,,
4/8/17 11:59,,,,,,-24.81,,,,,,
4/8/17 12:45,,,,,-16.97,,,,,,,
4/8/17 12:53,,,-11.41,,,,,,,,,
4/8/17 13:26,,-4.86,,,,,,,,,,
4/8/17 13:49,-3.88,,,,,,,,,,,
4/22/17 9:13,,,,,,,,,,,,-11.43
4/22/17 9:59,,,,,,,,,,,-19.72,
4/22/17 10:26,,,,,,,-13.31,,,,,
4/22/17 10:51,,,,,,,,,,-7.41,,
4/22/17 11:08,,,,,,,,,-5.97,,,
4/22/17 11:31,,,,,,,,-19.21,,,,
4/22/17 11:48,,,,,,-18.09,,,,,,
4/22/17 12:43,,,,,-15.48,,,,,,,
4/22/17 13:23,,,-11.12,,,,,,,,,
4/22/17 13:45,,,,-4.18,,,,,,,,
4/22/17 14:07,,-4.74,,,,,,,,,,
4/22/17 14:13,-3.91,,,,,,,,,,,
5/10/17 8:23,-4.08,,,,,,,,,,,
5/10/17 8:53,,-5.31,,,,,,,,,,
5/10/17 9:19,,,,-5.97,,,,,,,,
5/10/17 9:29,,,-11.57,,,,,,,,,
5/10/17 9:49,,,,,-17.27,,,,,,,
5/10/17 10:15,,,,,,-26.37,,,,,,
5/10/17 10:46,,,,,,,-14.24,,,,,
5/10/17 11:10,,,,,,,,,,,-20.61,
5/10/17 11:30,,,,,,,,,,,,-15.7
5/10/17 17:07,,,,,,,,-20.01,,,,
5/10/17 17:43,,,,,,,,,-8.01,,,
5/10/17 18:11,,,,,,,,,,-8.55,,
5/14/17 13:15,,,,,,,,,,,,-16.32
5/14/17 13:52,,,,,,,,,,,-20.76,
5/14/17 14:21,,,,,,,-14.32,,,,,
5/14/17 14:53,,,,,,,,,,-8.77,,
5/14/17 15:19,,,,,,,,,-8.1,,,
5/14/17 15:47,,,,,,,,-20.11,,,,
5/14/17 16:15,,,,,,-26.76,,,,,,
5/14/17 17:11,,,-11.67,,,,,,,,,
5/14/17 17:22,,-5.41,,,,,,,,,,
5/14/17 18:04,-4.09,,,,,,,,,,,
5/14/17 18:18,,,,-6.08,,,,,,,,
5/25/17 9:40,,,,,,,,,,,,-18.48
5/25/17 10:05,,,,,,,,,,,-21.22,
5/25/17 10:24,,,,,,,-14.75,,,,,
5/25/17 10:48,,,,,,,,,,-9.5,,
5/25/17 11:11,,,,,,,,,-8.46,,,
5/25/17 11:30,,,,,,,,-20.33,,,,
5/25/17 11:52,,,,,,-27.38,,,,,,
5/25/17 12:45,,,-11.92,,,,,,,,,
5/25/17 12:48,,,,-6.33,,,,,,,,
5/25/17 13:10,,-5.51,,,,,,,,,,
5/25/17 13:40,-4.13,,,,,,,,,,,
6/17/17 9:21,,,,,,,,,,,,-19.37
6/17/17 9:44,,,,,,,,,,,-22,
6/17/17 10:04,,,,,,,-15.39,,,,,
6/17/17 10:24,,,,,,,,,,-10.61,,
6/17/17 10:43,,,,,,,,,-8.81,,,
6/17/17 11:03,,,,,,,,-20.71,,,,
6/17/17 11:29,,,,,,-28.1,,,,,,
6/17/17 12:32,,,-12.14,,,,,,,,,
6/17/17 12:35,,,,-6.73,,,,,,,,
6/17/17 13:09,,-5.61,,,,,,,,,,
6/17/17 14:11,-4.16,,,,,,,,,,,
7/7/17 10:53,,,,,,,,,,,,-19.67
7/7/17 11:35,,,,,,,,,,,-22.55,
7/7/17 12:44,,,,,,,,,-8.96,,,
7/7/17 13:15,,,,,,,,,,-11.64,,
7/8/17 13:15,,,,,,,,-20.97,,,,
7/8/17 17:00,,,,,,-28.15,,,,,,
7/9/17 10:45,-4.25,,,,,,,,,,,
7/9/17 11:15,,-5.68,,,,,,,,,,
7/9/17 11:42,,,,-7.26,,,,,,,,
7/10/17 8:00,,,0,,0,,,,,,,
10/30/17 10:05,-5.5,,,,,,,,,,,
10/30/17 10:20,,-4.9,,,,,,,,,,
10/30/17 11:23,,,,,,,,-21.8,,,,
10/30/17 11:45,,,,,,,,,-10.4,,,
10/30/17 12:00,,,,,,,,,,-14.68,,
10/30/17 12:28,,,,,,,,,,,,-24.6
10/30/17 13:10,,,,,,,,,,,-20.7,
11/19/17 10:20,,,,,,,,,,-14.7,,
11/19/17 11:05,,,,,,,,,-9.76,,,
11/19/17 11:35,,,,,,,,,,,,-20.95
11/19/17 12:13,,,,,,,,-21.45,,,,
11/19/17 12:20,,,,,,-28.13,,,,,,
11/19/17 12:29,,,,,,,,,,,-25.1,
11/19/17 15:25,-4.15,,,,,,,,,,,
11/19/17 15:56,,-5.41,,,,,,,,,,
11/19/17 16:26,,,,-8.518,,,,,,,,
11/19/17 16:42,,,-12.31,,,,,,,,,
11/19/17 17:00,,,,,-18.4,,,,,,,
12/6/17 9:15,,,,-6.2,,,,,,,,
12/6/17 9:20,,,-12.2,,,,,,,,,
12/6/17 9:30,,,,,-17.5,,,,,,,
12/6/17 9:55,,,,,,-26.4,,,,,,
12/6/17 10:36,-4.1,,,,,,,,,,,
12/6/17 10:50,,-5.4,,,,,,,,,,
12/6/17 13:45,,,,,,,,,,-9.48,,
12/6/17 14:30,,,,,,,,,-8.62,,,
12/6/17 15:10,,,,,,,,-20.52,,,,
12/6/17 15:50,,,,,,,,,,,-25.14,
12/6/17 16:38,,,,,,,,,,,,-21.06
1/6/18 12:37,,,,,,,,,,-12.47,,
1/6/18 12:44,,,,,,,,,-9.37,,,
1/6/18 12:51,,,,,,,,-20.81,,,,
1/6/18 12:55,,,,,,-27.94,,,,,,
1/6/18 13:05,,,,,-18.4,,,,,,,
1/6/18 13:11,,-5.41,,,,,,,,,,
1/10/18 9:00,,,,,,,,,,,-25.45,
1/10/18 9:32,,,,,,,,,,,,-21.3
2/10/18 9:00,,,,,,,,,,-8.65,,
2/10/18 9:18,,,,,,,,,,,-24.69,
2/10/18 9:43,,,,,,,,,,,,-21.42
2/10/18 10:02,,,,,,,,,-7.82,,,
2/10/18 10:14,,,,,,,,-19.57,,,,
2/10/18 10:22,,,,,,-25.58,,,,,,
2/10/18 11:12,-4.18,,,,,,,,,,,
2/10/18 11:23,,-5.37,,,,,,,,,,
2/10/18 12:51,,,-11.28,,,,,,,,,
2/10/18 13:19,,,,-5.61,,,,,,,,
2/20/18 9:51,-4.19,,,,,,,,,,,
2/20/18 10:02,,-5.56,,,,,,,,,,
2/20/18 11:40,,,,,,,,,,,-24.65,
2/20/18 12:15,,,,,,,,,,,,-21.52
2/20/18 12:57,,,,,,,,,,-9.97,,
2/20/18 13:53,,,,,,,,,-8.43,,,
2/20/18 14:32,,,,,,,,-19.96,,,,
2/20/18 15:06,,,,,,-27.05,,,,,,
2/20/18 15:47,,,,-6.35,,,,,,,,
2/20/18 16:11,,,-11.53,,,,,,,,,
3/7/18 12:21,-3.93,,,,,,,,,,,
3/7/18 12:47,,-4.7,,,,,,,,,,
3/7/18 13:28,,,,-3.96,,,,,,,,
3/7/18 13:46,,,-11.39,,,,,,,,,
3/7/18 13:53,,,,,-15.45,,,,,,,
3/7/18 14:30,,,,,,,,,-6.86,,,
3/7/18 14:52,,,,,,,,-18.93,,,,
3/7/18 15:15,,,,,,-17.56,,,,,,
3/7/18 15:56,,,,,,,,,,,-24.33,
3/7/18 16:20,,,,,,,,,,,,-16.91
3/7/18 16:50,,,,,,,,,,-7.61,,
3/22/18 9:45,,,,,,-17.97,,,,,,
3/22/18 13:47,,,,,,,,-18.97,,,,
3/22/18 13:51,,,,,,,,,-6.08,,,
3/22/18 13:53,,,,,,,,,,-7.42,,
3/22/18 13:58,,,,,,,,,,,-23.16,
3/22/18 14:02,,,,,,,,,,,,-17.09
3/22/18 15:19,-3.89,,,,,,,,,,,
3/22/18 16:06,,,,,,,,,,-4.79,,
3/22/18 16:12,,,,-4.38,,,,,,,,
3/22/18 16:37,,,-10.71,,,,,,,,,
3/22/18 17:14,,,,,-15.7,,,,,,,
5/9/18 14:00,-4.125,,,,,,,,,,,
5/9/18 14:48,,-5.455,,,,,,,,,,
5/9/18 15:18,,,-11.48,,,,,,,,,
5/9/18 17:00,,,,-6.275,,,,-19.94,-8.22,-9.13,-21.21,-20.61
5/9/18 18:20,,,,,,-26.92,,,,,,
12/4/18 11:01,,,,,,,,,,,,-21.79
12/4/18 12:30,,,,,,,,,,,-25.42,
12/4/18 14:30,,,,,,,,,,-10.1,,
12/4/18 16:00,,,,,,,,,-8.59,,,
12/5/18 9:03,,,,,,,,-21.31,,,,
12/5/18 9:50,,,,,,-26.45,,,,,,
2/11/19 13:07,,,,,,-18.06,,,,,,
2/11/19 14:40,,,,,,,,-19.19,,,,
2/11/19 15:10,,,,,,,,,-5.96,,,
2/11/19 15:20,,,,,,,,,,-7.42,,
2/11/19 15:30,,,,,,,,,,,-22.58,
5/23/19 9:20,,,,,,,,,,,,-14.04
5/23/19 10:02,,,,,,,,,,,-19.98,
5/23/19 10:50,,,,,-15.06,,,,,,,
5/23/19 11:26,,,-10.93,,,,,,,,,
5/23/19 11:51,,,,-3.71,,,,,,,,
5/23/19 12:07,,-4.49,,,,,,,,,,
5/23/19 12:20,-3.69,,,,,,,,,,,
5/29/19 10:13,,,,,,,,,,,,-17.13
5/29/19 11:07,,,,,,,,,,,-20.55,
5/29/19 11:58,,,,,,,-13.6,,,,,
5/29/19 12:43,,,,,,,,,,-7.48,,
5/29/19 13:02,,,,,,,,,-6.17,,,
5/29/19 13:32,,,,,,,,-19.34,,,,
5/29/19 14:09,,,,,,-21.2,,,,,,
5/29/19 15:14,,,,,-16.08,,,,,,,
5/29/19 15:50,,,-11.04,,,,,,,,,
5/29/19 16:13,,,,-4.59,,,,,,,,
5/29/19 16:35,,-5.07,,,,,,,,,,
5/29/19 16:46,-4,,,,,,,,,,,
9/10/19 10:37,,,,,,,,-20.86,,,,
9/10/19 11:28,,,,,,-28.01,,,,,,
9/10/19 12:33,,,,,-17.43,,,,,,,
9/10/19 13:10,,,-12.12,,,,,,,,,
9/10/19 13:33,,,,-8.24,,,,,,,,
9/19/19 12:15,,,,,,,,,,,,-20.43
9/19/19 12:57,,,,,,,,,,,-23.53,
9/19/19 13:56,,,,,,,-16.66,,,,,
9/19/19 14:29,,,,,,,,,,-12.93,,
9/19/19 14:57,,,,,,,,,-9.63,,,
9/19/19 15:23,,-5.76,,,,,,,,,,
9/19/19 15:37,-4.48,,,,,,,,,,,
10/6/19 7:33,,,,,,,,,,,,-20.1
10/6/19 8:16,,,,,,,,,,,-24.3,
10/6/19 9:06,,,,,,,-17.18,,,,,
10/6/19 9:42,,,,,,,,,,-13.5,,
10/6/19 10:05,,,,,,,,,-9.8,,,
10/6/19 10:25,,,,,,,,-21.2,,,,
10/6/19 11:07,,,,,,-27.9,,,,,,
10/6/19 11:58,,,,,-17.43,,,,,,,
10/6/19 12:28,,,-12.11,,,,,,,,,
10/6/19 12:50,,,,-8.2,,,,,,,,
10/6/19 13:19,,-5.8,,,,,,,,,,
10/6/19 13:30,-4.3,,,,,,,,,,,
11/3/19 8:20,,,,,,,,,,,,-20.93
11/3/19 8:55,,,,,,,,,,,-24.53,
11/3/19 9:41,,,,,,,-18.57,,,,,
11/3/19 10:07,,,,,,,,,,-14.05,,
11/3/19 10:34,,,,,,,,,-10.12,,,
11/3/19 10:53,,,,,,,,-21.2,,,,
11/3/19 11:33,,,,,,-28.05,,,,,,
11/3/19 12:27,,,,,-17.7,,,,,,,
11/3/19 13:04,,,-12.15,,,,,,,,,
11/3/19 13:25,,,,-8.45,,,,,,,,
11/3/19 13:40,,-5.9,,,,,,,,,,
11/3/19 13:50,-4.54,,,,,,,,,,,
3/1/20 7:33,,,,,,,,,,,,-20.6
3/1/20 8:15,,,,,,,,,,,-24.88,
3/1/20 9:10,,,,,,,-15.13,,,,,
3/1/20 9:48,,,,,-12.51,,,,,,,
3/1/20 10:18,,,-11.58,,,,,,,,,
3/1/20 10:40,,,,-6.58,,,,,,,,
3/1/20 11:10,-4.2,,,,,,,,,,,
5/29/20 9:39,,,,,,,,,,-9.49,,
5/29/20 10:00,,,,,,,-15.28,,,,,
5/29/20 10:30,,,,,,,,,,,-25.31,
5/29/20 11:18,,,,,,,,,,,,-21.92
5/29/20 12:05,,,,,,,,,-8.07,,,
5/29/20 12:22,,,,,,,,-19.61,,,,
5/29/20 13:01,,,,,,-26.46,,,,,,
5/29/20 13:53,,,,,-17.33,,,,,,,
5/29/20 14:28,,,-11.9,,,,,,,,,
5/29/20 14:50,,,,-6.36,,,,,,,,
5/29/20 14:59,,-5.39,,,,,,,,,,
5/29/20 15:15,-4.15,,,,,,,,,,,
6/27/20 11:15,,,,,,,,,,-11.62,,
6/27/20 11:40,,,,,,,-15.59,,,,,
6/27/20 12:05,,,,,,,,,,,-25.44,
6/27/20 12:55,,,,,,,,,,,,-22.17
6/27/20 13:45,,,,,,,,,-8.94,,,
6/27/20 14:05,,,,,,,,-19.98,,,,
7/9/20 7:33,,,,,-17.75,,,,,,,
7/9/20 8:17,,,-12.14,,,,,,,,,
7/9/20 8:45,,,,-7.44,,,,,,,,
7/9/20 9:05,,-5.67,,,,,,,,,,
7/9/20 9:15,-4.23,,,,,,,,,,,
8/7/20 17:41,,,,,-17.5,,,,,,,
8/7/20 18:15,,,-12.15,,,,,,,,,
8/7/20 18:45,,,,-8.24,,,,,,,,
8/7/20 19:17,,-5.76,,,,,,,,,,
8/7/20 19:25,-4.47,,,,,,,,,,,
8/8/20 9:30,,,,,,,,,,,,-22.38
8/8/20 10:24,,,,,,,,,,,-25.8,
8/8/20 11:22,,,,,,,-16.8,,,,,
8/8/20 11:55,,,,,,,,,,-13.29,,
8/8/20 12:28,,,,,,,,,-9.62,,,
8/8/20 12:56,,,,,,,,-20.48,,,,
8/8/20 13:00,,,,,,-28.74,,,,,,